"Route 340 Outbound Weekday S 1769810995-1 05:45","0","DOWNTOWN Fayette & Salina Sts.","Civic Center State & Madison","http://maps.google.com/maps?f=d&source=s_d&saddr=43.048677,-76.152228&daddr=43.045485,-76.147508"
"Route 340 Outbound Weekday S 1769810995-1 05:45","1","Civic Center State & Madison","Upstate University Hospital","http://maps.google.com/maps?f=d&source=s_d&saddr=43.045485,-76.147508&daddr=43.042686,-76.140552"
"Route 340 Outbound Weekday S 1769810995-1 05:45","2","Upstate University Hospital","College Place","http://maps.google.com/maps?f=d&source=s_d&saddr=43.042686,-76.140552&daddr=43.037288,-76.131468"
"Route 340 Outbound Weekday S 1769810995-1 05:45","3","College Place","Meadowbrook & Lancaster","http://maps.google.com/maps?f=d&source=s_d&saddr=43.037288,-76.131468&daddr=43.024648,-76.121802"
"Route 340 Outbound Weekday S 1769810995-1 05:45","4","Meadowbrook & Lancaster","Drumlins","http://maps.google.com/maps?f=d&source=s_d&saddr=43.024648,-76.121802&daddr=43.020828,-76.105612"
"Route 340 Outbound Weekday S 1769810995-2 06:00","0","DOWNTOWN Fayette & Salina Sts.","Civic Center State & Madison","http://maps.google.com/maps?f=d&source=s_d&saddr=43.048677,-76.152228&daddr=43.045485,-76.147508"
"Route 340 Outbound Weekday S 1769810995-2 06:00","1","Civic Center State & Madison","Upstate University Hospital","http://maps.google.com/maps?f=d&source=s_d&saddr=43.045485,-76.147508&daddr=43.042686,-76.140552"
"Route 340 Outbound Weekday S 1769810995-2 06:00","2","Upstate University Hospital","College Place","http://maps.google.com/maps?f=d&source=s_d&saddr=43.042686,-76.140552&daddr=43.037288,-76.131468"
"Route 340 Outbound Weekday S 1769810995-2 06:00","3","College Place","Meadowbrook & Lancaster","http://maps.google.com/maps?f=d&source=s_d&saddr=43.037288,-76.131468&daddr=43.024648,-76.121802"
"Route 340 Outbound Weekday S 1769810995-2 06:00","4","Meadowbrook & Lancaster","Drumlins","http://maps.google.com/maps?f=d&source=s_d&saddr=43.024648,-76.121802&daddr=43.020828,-76.105612"
"Route 340 Outbound Weekday S 1769810995-3 06:38","0","DOWNTOWN Fayette & Salina Sts.","Civic Center State & Madison","http://maps.google.com/maps?f=d&source=s_d&saddr=43.048677,-76.152228&daddr=43.045485,-76.147508"
"Route 340 Outbound Weekday S 1769810995-3 06:38","1","Civic Center State & Madison","Upstate University Hospital","http://maps.google.com/maps?f=d&source=s_d&saddr=43.045485,-76.147508&daddr=43.042686,-76.140552"
"Route 340 Outbound Weekday S 1769810995-3 06:38","2","Upstate University Hospital","College Place","http://maps.google.com/maps?f=d&source=s_d&saddr=43.042686,-76.140552&daddr=43.037288,-76.131468"
"Route 340 Outbound Weekday S 1769810995-3 06:38","3","College Place","Meadowbrook & Lancaster","http://maps.google.com/maps?f=d&source=s_d&saddr=43.037288,-76.131468&daddr=43.024648,-76.121802"
"Route 340 Outbound Weekday S 1769810995-3 06:38","4","Meadowbrook & Lancaster","Drumlins","http://maps.google.com/maps?f=d&source=s_d&saddr=43.024648,-76.121802&daddr=43.020828,-76.105612"
"Route 340 Outbound Weekday S 1769810995-4 07:08","0","DOWNTOWN Fayette & Salina Sts.","Civic Center State & Madison","http://maps.google.com/maps?f=d&source=s_d&saddr=43.048677,-76.152228&daddr=43.045485,-76.147508"
"Route 340 Outbound Weekday S 1769810995-4 07:08","1","Civic Center State & Madison","Upstate University Hospital","http://maps.google.com/maps?f=d&source=s_d&saddr=43.045485,-76.147508&daddr=43.042686,-76.140552"
"Route 340 Outbound Weekday S 1769810995-4 07:08","2","Upstate University Hospital","College Place","http://maps.google.com/maps?f=d&source=s_d&saddr=43.042686,-76.140552&daddr=43.037288,-76.131468"
"Route 340 Outbound Weekday S 1769810995-4 07:08","3","College Place","Meadowbrook & Lancaster","http://maps.google.com/maps?f=d&source=s_d&saddr=43.037288,-76.131468&daddr=43.024648,-76.121802"
"Route 340 Outbound Weekday S 1769810995-4 07:08","4","Meadowbrook & Lancaster","Drumlins","http://maps.google.com/maps?f=d&source=s_d&saddr=43.024648,-76.121802&daddr=43.020828,-76.105612"
"Route 340 Outbound Weekday S 1769810995-5 08:03","0","DOWNTOWN Fayette & Salina Sts.","Civic Center State & Madison","http://maps.google.com/maps?f=d&source=s_d&saddr=43.048677,-76.152228&daddr=43.045485,-76.147508"
"Route 340 Outbound Weekday S 1769810995-5 08:03","1","Civic Center State & Madison","Upstate University Hospital","http://maps.google.com/maps?f=d&source=s_d&saddr=43.045485,-76.147508&daddr=43.042686,-76.140552"
"Route 340 Outbound Weekday S 1769810995-5 08:03","2","Upstate University Hospital","College Place","http://maps.google.com/maps?f=d&source=s_d&saddr=43.042686,-76.140552&daddr=43.037288,-76.131468"
"Route 340 Outbound Weekday S 1769810995-5 08:03","3","College Place","Meadowbrook & Lancaster","http://maps.google.com/maps?f=d&source=s_d&saddr=43.037288,-76.131468&daddr=43.024648,-76.121802"
"Route 340 Outbound Weekday S 1769810995-5 08:03","4","Meadowbrook & Lancaster","Drumlins","http://maps.google.com/maps?f=d&source=s_d&saddr=43.024648,-76.121802&daddr=43.020828,-76.105612"
"Route 340 Outbound Weekday S 1769810995-6 08:45","0","DOWNTOWN Fayette & Salina Sts.","Civic Center State & Madison","http://maps.google.com/maps?f=d&source=s_d&saddr=43.048677,-76.152228&daddr=43.045485,-76.147508"
"Route 340 Outbound Weekday S 1769810995-6 08:45","1","Civic Center State & Madison","Upstate University Hospital","http://maps.google.com/maps?f=d&source=s_d&saddr=43.045485,-76.147508&daddr=43.042686,-76.140552"
"Route 340 Outbound Weekday S 1769810995-6 08:45","2","Upstate University Hospital","College Place","http://maps.google.com/maps?f=d&source=s_d&saddr=43.042686,-76.140552&daddr=43.037288,-76.131468"
"Route 340 Outbound Weekday S 1769810995-6 08:45","3","College Place","Meadowbrook & Lancaster","http://maps.google.com/maps?f=d&source=s_d&saddr=43.037288,-76.131468&daddr=43.024648,-76.121802"
"Route 340 Outbound Weekday S 1769810995-6 08:45","4","Meadowbrook & Lancaster","Drumlins","http://maps.google.com/maps?f=d&source=s_d&saddr=43.024648,-76.121802&daddr=43.020828,-76.105612"
"Route 340 Outbound Weekday S 1769810995-7 09:55","0","DOWNTOWN Fayette & Salina Sts.","Civic Center State & Madison","http://maps.google.com/maps?f=d&source=s_d&saddr=43.048677,-76.152228&daddr=43.045485,-76.147508"
"Route 340 Outbound Weekday S 1769810995-7 09:55","1","Civic Center State & Madison","Upstate University Hospital","http://maps.google.com/maps?f=d&source=s_d&saddr=43.045485,-76.147508&daddr=43.042686,-76.140552"
"Route 340 Outbound Weekday S 1769810995-7 09:55","2","Upstate University Hospital","College Place","http://maps.google.com/maps?f=d&source=s_d&saddr=43.042686,-76.140552&daddr=43.037288,-76.131468"
"Route 340 Outbound Weekday S 1769810995-7 09:55","3","College Place","Meadowbrook & Lancaster","http://maps.google.com/maps?f=d&source=s_d&saddr=43.037288,-76.131468&daddr=43.024648,-76.121802"
"Route 340 Outbound Weekday S 1769810995-7 09:55","4","Meadowbrook & Lancaster","Drumlins","http://maps.google.com/maps?f=d&source=s_d&saddr=43.024648,-76.121802&daddr=43.020828,-76.105612"
"Route 340 Outbound Weekday S 1769810995-8 10:45","0","College Place","Meadowbrook & Lancaster","http://maps.google.com/maps?f=d&source=s_d&saddr=43.037288,-76.131468&daddr=43.024648,-76.121802"
"Route 340 Outbound Weekday S 1769810995-8 10:45","1","Meadowbrook & Lancaster","Drumlins","http://maps.google.com/maps?f=d&source=s_d&saddr=43.024648,-76.121802&daddr=43.020828,-76.105612"
"Route 340 Outbound Weekday S 1769810995-9 10:40","0","Regional Transportation Center","CAROUSEL CENTER","http://maps.google.com/maps?f=d&source=s_d&saddr=43.076619,-76.169514&daddr=43.068775,-76.169878"
"Route 340 Outbound Weekday S 1769810995-9 10:40","1","CAROUSEL CENTER","DOWNTOWN Fayette & Salina Sts.","http://maps.google.com/maps?f=d&source=s_d&saddr=43.068775,-76.169878&daddr=43.048677,-76.152228"
"Route 340 Outbound Weekday S 1769810995-9 10:40","2","DOWNTOWN Fayette & Salina Sts.","Civic Center State & Madison","http://maps.google.com/maps?f=d&source=s_d&saddr=43.048677,-76.152228&daddr=43.045485,-76.147508"
"Route 340 Outbound Weekday S 1769810995-9 10:40","3","Civic Center State & Madison","Upstate University Hospital","http://maps.google.com/maps?f=d&source=s_d&saddr=43.045485,-76.147508&daddr=43.042686,-76.140552"
"Route 340 Outbound Weekday S 1769810995-9 10:40","4","Upstate University Hospital","College Place","http://maps.google.com/maps?f=d&source=s_d&saddr=43.042686,-76.140552&daddr=43.037288,-76.131468"
"Route 340 Outbound Weekday S 1769810995-9 10:40","5","College Place","Meadowbrook & Lancaster","http://maps.google.com/maps?f=d&source=s_d&saddr=43.037288,-76.131468&daddr=43.024648,-76.121802"
"Route 340 Outbound Weekday S 1769810995-9 10:40","6","Meadowbrook & Lancaster","Drumlins","http://maps.google.com/maps?f=d&source=s_d&saddr=43.024648,-76.121802&daddr=43.020828,-76.105612"
"Route 340 Outbound Weekday S 1769810995-10 11:55","0","College Place","Meadowbrook & Lancaster","http://maps.google.com/maps?f=d&source=s_d&saddr=43.037288,-76.131468&daddr=43.024648,-76.121802"
"Route 340 Outbound Weekday S 1769810995-10 11:55","1","Meadowbrook & Lancaster","Drumlins","http://maps.google.com/maps?f=d&source=s_d&saddr=43.024648,-76.121802&daddr=43.020828,-76.105612"
"Route 340 Outbound Weekday S 1769810995-11 11:50","0","Regional Transportation Center","CAROUSEL CENTER","http://maps.google.com/maps?f=d&source=s_d&saddr=43.076619,-76.169514&daddr=43.068775,-76.169878"
"Route 340 Outbound Weekday S 1769810995-11 11:50","1","CAROUSEL CENTER","DOWNTOWN Fayette & Salina Sts.","http://maps.google.com/maps?f=d&source=s_d&saddr=43.068775,-76.169878&daddr=43.048677,-76.152228"
"Route 340 Outbound Weekday S 1769810995-11 11:50","2","DOWNTOWN Fayette & Salina Sts.","Civic Center State & Madison","http://maps.google.com/maps?f=d&source=s_d&saddr=43.048677,-76.152228&daddr=43.045485,-76.147508"
"Route 340 Outbound Weekday S 1769810995-11 11:50","3","Civic Center State & Madison","Upstate University Hospital","http://maps.google.com/maps?f=d&source=s_d&saddr=43.045485,-76.147508&daddr=43.042686,-76.140552"
"Route 340 Outbound Weekday S 1769810995-11 11:50","4","Upstate University Hospital","College Place","http://maps.google.com/maps?f=d&source=s_d&saddr=43.042686,-76.140552&daddr=43.037288,-76.131468"
"Route 340 Outbound Weekday S 1769810995-11 11:50","5","College Place","Meadowbrook & Lancaster","http://maps.google.com/maps?f=d&source=s_d&saddr=43.037288,-76.131468&daddr=43.024648,-76.121802"
"Route 340 Outbound Weekday S 1769810995-11 11:50","6","Meadowbrook & Lancaster","Drumlins","http://maps.google.com/maps?f=d&source=s_d&saddr=43.024648,-76.121802&daddr=43.020828,-76.105612"
"Route 340 Outbound Weekday S 1769810995-12 13:05","0","College Place","Meadowbrook & Lancaster","http://maps.google.com/maps?f=d&source=s_d&saddr=43.037288,-76.131468&daddr=43.024648,-76.121802"
"Route 340 Outbound Weekday S 1769810995-12 13:05","1","Meadowbrook & Lancaster","Drumlins","http://maps.google.com/maps?f=d&source=s_d&saddr=43.024648,-76.121802&daddr=43.020828,-76.105612"
"Route 340 Outbound Weekday S 1769810995-13 13:06","0","Regional Transportation Center","CAROUSEL CENTER","http://maps.google.com/maps?f=d&source=s_d&saddr=43.076619,-76.169514&daddr=43.068775,-76.169878"
"Route 340 Outbound Weekday S 1769810995-13 13:06","1","CAROUSEL CENTER","DOWNTOWN Fayette & Salina Sts.","http://maps.google.com/maps?f=d&source=s_d&saddr=43.068775,-76.169878&daddr=43.048677,-76.152228"
"Route 340 Outbound Weekday S 1769810995-13 13:06","2","DOWNTOWN Fayette & Salina Sts.","Civic Center State & Madison","http://maps.google.com/maps?f=d&source=s_d&saddr=43.048677,-76.152228&daddr=43.045485,-76.147508"
"Route 340 Outbound Weekday S 1769810995-13 13:06","3","Civic Center State & Madison","Upstate University Hospital","http://maps.google.com/maps?f=d&source=s_d&saddr=43.045485,-76.147508&daddr=43.042686,-76.140552"
"Route 340 Outbound Weekday S 1769810995-13 13:06","4","Upstate University Hospital","College Place","http://maps.google.com/maps?f=d&source=s_d&saddr=43.042686,-76.140552&daddr=43.037288,-76.131468"
"Route 340 Outbound Weekday S 1769810995-13 13:06","5","College Place","Meadowbrook & Lancaster","http://maps.google.com/maps?f=d&source=s_d&saddr=43.037288,-76.131468&daddr=43.024648,-76.121802"
"Route 340 Outbound Weekday S 1769810995-13 13:06","6","Meadowbrook & Lancaster","Drumlins","http://maps.google.com/maps?f=d&source=s_d&saddr=43.024648,-76.121802&daddr=43.020828,-76.105612"
"Route 340 Outbound Weekday S 1769810995-14 14:15","0","College Place","Meadowbrook & Lancaster","http://maps.google.com/maps?f=d&source=s_d&saddr=43.037288,-76.131468&daddr=43.024648,-76.121802"
"Route 340 Outbound Weekday S 1769810995-14 14:15","1","Meadowbrook & Lancaster","Drumlins","http://maps.google.com/maps?f=d&source=s_d&saddr=43.024648,-76.121802&daddr=43.020828,-76.105612"
"Route 340 Outbound Weekday S 1769810995-15 14:10","0","Regional Transportation Center","CAROUSEL CENTER","http://maps.google.com/maps?f=d&source=s_d&saddr=43.076619,-76.169514&daddr=43.068775,-76.169878"
"Route 340 Outbound Weekday S 1769810995-15 14:10","1","CAROUSEL CENTER","DOWNTOWN Fayette & Salina Sts.","http://maps.google.com/maps?f=d&source=s_d&saddr=43.068775,-76.169878&daddr=43.048677,-76.152228"
"Route 340 Outbound Weekday S 1769810995-15 14:10","2","DOWNTOWN Fayette & Salina Sts.","Civic Center State & Madison","http://maps.google.com/maps?f=d&source=s_d&saddr=43.048677,-76.152228&daddr=43.045485,-76.147508"
"Route 340 Outbound Weekday S 1769810995-15 14:10","3","Civic Center State & Madison","Upstate University Hospital","http://maps.google.com/maps?f=d&source=s_d&saddr=43.045485,-76.147508&daddr=43.042686,-76.140552"
"Route 340 Outbound Weekday S 1769810995-15 14:10","4","Upstate University Hospital","College Place","http://maps.google.com/maps?f=d&source=s_d&saddr=43.042686,-76.140552&daddr=43.037288,-76.131468"
"Route 340 Outbound Weekday S 1769810995-15 14:10","5","College Place","Meadowbrook & Lancaster","http://maps.google.com/maps?f=d&source=s_d&saddr=43.037288,-76.131468&daddr=43.024648,-76.121802"
"Route 340 Outbound Weekday S 1769810995-15 14:10","6","Meadowbrook & Lancaster","Drumlins","http://maps.google.com/maps?f=d&source=s_d&saddr=43.024648,-76.121802&daddr=43.020828,-76.105612"
"Route 340 Outbound Weekday S 1769810995-16 15:20","0","Regional Transportation Center","CAROUSEL CENTER","http://maps.google.com/maps?f=d&source=s_d&saddr=43.076619,-76.169514&daddr=43.068775,-76.169878"
"Route 340 Outbound Weekday S 1769810995-16 15:20","1","CAROUSEL CENTER","DOWNTOWN Fayette & Salina Sts.","http://maps.google.com/maps?f=d&source=s_d&saddr=43.068775,-76.169878&daddr=43.048677,-76.152228"
"Route 340 Outbound Weekday S 1769810995-16 15:20","2","DOWNTOWN Fayette & Salina Sts.","Civic Center State & Madison","http://maps.google.com/maps?f=d&source=s_d&saddr=43.048677,-76.152228&daddr=43.045485,-76.147508"
"Route 340 Outbound Weekday S 1769810995-16 15:20","3","Civic Center State & Madison","Upstate University Hospital","http://maps.google.com/maps?f=d&source=s_d&saddr=43.045485,-76.147508&daddr=43.042686,-76.140552"
"Route 340 Outbound Weekday S 1769810995-16 15:20","4","Upstate University Hospital","College Place","http://maps.google.com/maps?f=d&source=s_d&saddr=43.042686,-76.140552&daddr=43.037288,-76.131468"
"Route 340 Outbound Weekday S 1769810995-16 15:20","5","College Place","Meadowbrook & Lancaster","http://maps.google.com/maps?f=d&source=s_d&saddr=43.037288,-76.131468&daddr=43.024648,-76.121802"
"Route 340 Outbound Weekday S 1769810995-16 15:20","6","Meadowbrook & Lancaster","Drumlins","http://maps.google.com/maps?f=d&source=s_d&saddr=43.024648,-76.121802&daddr=43.020828,-76.105612"
"Route 340 Outbound Weekday S 1769810995-17 16:10","0","DOWNTOWN Fayette & Salina Sts.","Civic Center State & Madison","http://maps.google.com/maps?f=d&source=s_d&saddr=43.048677,-76.152228&daddr=43.045485,-76.147508"
"Route 340 Outbound Weekday S 1769810995-17 16:10","1","Civic Center State & Madison","Upstate University Hospital","http://maps.google.com/maps?f=d&source=s_d&saddr=43.045485,-76.147508&daddr=43.042686,-76.140552"
"Route 340 Outbound Weekday S 1769810995-17 16:10","2","Upstate University Hospital","College Place","http://maps.google.com/maps?f=d&source=s_d&saddr=43.042686,-76.140552&daddr=43.037288,-76.131468"
"Route 340 Outbound Weekday S 1769810995-17 16:10","3","College Place","Meadowbrook & Lancaster","http://maps.google.com/maps?f=d&source=s_d&saddr=43.037288,-76.131468&daddr=43.024648,-76.121802"
"Route 340 Outbound Weekday S 1769810995-17 16:10","4","Meadowbrook & Lancaster","Drumlins","http://maps.google.com/maps?f=d&source=s_d&saddr=43.024648,-76.121802&daddr=43.020828,-76.105612"
"Route 340 Outbound Weekday S 1769810995-18 16:40","0","DOWNTOWN Fayette & Salina Sts.","Civic Center State & Madison","http://maps.google.com/maps?f=d&source=s_d&saddr=43.048677,-76.152228&daddr=43.045485,-76.147508"
"Route 340 Outbound Weekday S 1769810995-18 16:40","1","Civic Center State & Madison","Upstate University Hospital","http://maps.google.com/maps?f=d&source=s_d&saddr=43.045485,-76.147508&daddr=43.042686,-76.140552"
"Route 340 Outbound Weekday S 1769810995-18 16:40","2","Upstate University Hospital","College Place","http://maps.google.com/maps?f=d&source=s_d&saddr=43.042686,-76.140552&daddr=43.037288,-76.131468"
"Route 340 Outbound Weekday S 1769810995-18 16:40","3","College Place","Meadowbrook & Lancaster","http://maps.google.com/maps?f=d&source=s_d&saddr=43.037288,-76.131468&daddr=43.024648,-76.121802"
"Route 340 Outbound Weekday S 1769810995-18 16:40","4","Meadowbrook & Lancaster","Drumlins","http://maps.google.com/maps?f=d&source=s_d&saddr=43.024648,-76.121802&daddr=43.020828,-76.105612"
"Route 340 Outbound Weekday S 1769810995-19 17:10","0","DOWNTOWN Fayette & Salina Sts.","Civic Center State & Madison","http://maps.google.com/maps?f=d&source=s_d&saddr=43.048677,-76.152228&daddr=43.045485,-76.147508"
"Route 340 Outbound Weekday S 1769810995-19 17:10","1","Civic Center State & Madison","Upstate University Hospital","http://maps.google.com/maps?f=d&source=s_d&saddr=43.045485,-76.147508&daddr=43.042686,-76.140552"
"Route 340 Outbound Weekday S 1769810995-19 17:10","2","Upstate University Hospital","College Place","http://maps.google.com/maps?f=d&source=s_d&saddr=43.042686,-76.140552&daddr=43.037288,-76.131468"
"Route 340 Outbound Weekday S 1769810995-19 17:10","3","College Place","Meadowbrook & Lancaster","http://maps.google.com/maps?f=d&source=s_d&saddr=43.037288,-76.131468&daddr=43.024648,-76.121802"
"Route 340 Outbound Weekday S 1769810995-19 17:10","4","Meadowbrook & Lancaster","Drumlins","http://maps.google.com/maps?f=d&source=s_d&saddr=43.024648,-76.121802&daddr=43.020828,-76.105612"
"Route 340 Outbound Weekday S 1769810995-20 17:45","0","DOWNTOWN Fayette & Salina Sts.","Civic Center State & Madison","http://maps.google.com/maps?f=d&source=s_d&saddr=43.048677,-76.152228&daddr=43.045485,-76.147508"
"Route 340 Outbound Weekday S 1769810995-20 17:45","1","Civic Center State & Madison","Upstate University Hospital","http://maps.google.com/maps?f=d&source=s_d&saddr=43.045485,-76.147508&daddr=43.042686,-76.140552"
"Route 340 Outbound Weekday S 1769810995-20 17:45","2","Upstate University Hospital","College Place","http://maps.google.com/maps?f=d&source=s_d&saddr=43.042686,-76.140552&daddr=43.037288,-76.131468"
"Route 340 Outbound Weekday S 1769810995-20 17:45","3","College Place","Meadowbrook & Lancaster","http://maps.google.com/maps?f=d&source=s_d&saddr=43.037288,-76.131468&daddr=43.024648,-76.121802"
"Route 340 Outbound Weekday S 1769810995-20 17:45","4","Meadowbrook & Lancaster","Drumlins","http://maps.google.com/maps?f=d&source=s_d&saddr=43.024648,-76.121802&daddr=43.020828,-76.105612"
"Route 340 Outbound Weekday S 1769810995-21 18:10","0","DOWNTOWN Fayette & Salina Sts.","Civic Center State & Madison","http://maps.google.com/maps?f=d&source=s_d&saddr=43.048677,-76.152228&daddr=43.045485,-76.147508"
"Route 340 Outbound Weekday S 1769810995-21 18:10","1","Civic Center State & Madison","Upstate University Hospital","http://maps.google.com/maps?f=d&source=s_d&saddr=43.045485,-76.147508&daddr=43.042686,-76.140552"
"Route 340 Outbound Weekday S 1769810995-21 18:10","2","Upstate University Hospital","College Place","http://maps.google.com/maps?f=d&source=s_d&saddr=43.042686,-76.140552&daddr=43.037288,-76.131468"
"Route 340 Outbound Weekday S 1769810995-21 18:10","3","College Place","Meadowbrook & Lancaster","http://maps.google.com/maps?f=d&source=s_d&saddr=43.037288,-76.131468&daddr=43.024648,-76.121802"
"Route 340 Outbound Weekday S 1769810995-21 18:10","4","Meadowbrook & Lancaster","Drumlins","http://maps.google.com/maps?f=d&source=s_d&saddr=43.024648,-76.121802&daddr=43.020828,-76.105612"
"Route 340 Outbound Weekday S 1769810995-22 18:55","0","Regional Transportation Center","CAROUSEL CENTER","http://maps.google.com/maps?f=d&source=s_d&saddr=43.076619,-76.169514&daddr=43.068775,-76.169878"
"Route 340 Outbound Weekday S 1769810995-22 18:55","1","CAROUSEL CENTER","DOWNTOWN Fayette & Salina Sts.","http://maps.google.com/maps?f=d&source=s_d&saddr=43.068775,-76.169878&daddr=43.048677,-76.152228"
"Route 340 Outbound Weekday S 1769810995-22 18:55","2","DOWNTOWN Fayette & Salina Sts.","Civic Center State & Madison","http://maps.google.com/maps?f=d&source=s_d&saddr=43.048677,-76.152228&daddr=43.045485,-76.147508"
"Route 340 Outbound Weekday S 1769810995-22 18:55","3","Civic Center State & Madison","Upstate University Hospital","http://maps.google.com/maps?f=d&source=s_d&saddr=43.045485,-76.147508&daddr=43.042686,-76.140552"
"Route 340 Outbound Weekday S 1769810995-22 18:55","4","Upstate University Hospital","College Place","http://maps.google.com/maps?f=d&source=s_d&saddr=43.042686,-76.140552&daddr=43.037288,-76.131468"
"Route 340 Outbound Weekday S 1769810995-22 18:55","5","College Place","Meadowbrook & Lancaster","http://maps.google.com/maps?f=d&source=s_d&saddr=43.037288,-76.131468&daddr=43.024648,-76.121802"
"Route 340 Outbound Weekday S 1769810995-22 18:55","6","Meadowbrook & Lancaster","Drumlins","http://maps.google.com/maps?f=d&source=s_d&saddr=43.024648,-76.121802&daddr=43.020828,-76.105612"
"Route 340 Outbound Weekday S 1769810995-23 10:19","0","CAROUSEL CENTER","DOWNTOWN Fayette & Salina Sts.","http://maps.google.com/maps?f=d&source=s_d&saddr=43.068775,-76.169878&daddr=43.048677,-76.152228"
"Route 340 Outbound Weekday S 1769810995-23 10:19","1","DOWNTOWN Fayette & Salina Sts.","Civic Center State & Madison","http://maps.google.com/maps?f=d&source=s_d&saddr=43.048677,-76.152228&daddr=43.045485,-76.147508"
"Route 340 Outbound Weekday S 1769810995-23 10:19","2","Civic Center State & Madison","Upstate University Hospital","http://maps.google.com/maps?f=d&source=s_d&saddr=43.045485,-76.147508&daddr=43.042686,-76.140552"
"Route 340 Outbound Weekday S 1769810995-23 10:19","3","Upstate University Hospital","College Place","http://maps.google.com/maps?f=d&source=s_d&saddr=43.042686,-76.140552&daddr=43.037288,-76.131468"
"Route 340 Outbound Weekday S 1769810995-23 10:19","4","College Place","Meadowbrook & Lancaster","http://maps.google.com/maps?f=d&source=s_d&saddr=43.037288,-76.131468&daddr=43.024648,-76.121802"
"Route 340 Outbound Weekday S 1769810995-23 10:19","5","Meadowbrook & Lancaster","Drumlins","http://maps.google.com/maps?f=d&source=s_d&saddr=43.024648,-76.121802&daddr=43.020828,-76.105612"
"Route 340 Outbound Saturday S 1384313298-24 07:30","0","DOWNTOWN Fayette & Salina Sts.","Civic Center State & Madison","http://maps.google.com/maps?f=d&source=s_d&saddr=43.048677,-76.152228&daddr=43.045485,-76.147508"
"Route 340 Outbound Saturday S 1384313298-24 07:30","1","Civic Center State & Madison","Upstate University Hospital","http://maps.google.com/maps?f=d&source=s_d&saddr=43.045485,-76.147508&daddr=43.042686,-76.140552"
"Route 340 Outbound Saturday S 1384313298-24 07:30","2","Upstate University Hospital","College Place","http://maps.google.com/maps?f=d&source=s_d&saddr=43.042686,-76.140552&daddr=43.037288,-76.131468"
"Route 340 Outbound Saturday S 1384313298-24 07:30","3","College Place","Meadowbrook & Lancaster","http://maps.google.com/maps?f=d&source=s_d&saddr=43.037288,-76.131468&daddr=43.024648,-76.121802"
"Route 340 Outbound Saturday S 1384313298-24 07:30","4","Meadowbrook & Lancaster","Drumlins","http://maps.google.com/maps?f=d&source=s_d&saddr=43.024648,-76.121802&daddr=43.020828,-76.105612"
"Route 340 Outbound Saturday S 1384313298-25 08:30","0","DOWNTOWN Fayette & Salina Sts.","Civic Center State & Madison","http://maps.google.com/maps?f=d&source=s_d&saddr=43.048677,-76.152228&daddr=43.045485,-76.147508"
"Route 340 Outbound Saturday S 1384313298-25 08:30","1","Civic Center State & Madison","Upstate University Hospital","http://maps.google.com/maps?f=d&source=s_d&saddr=43.045485,-76.147508&daddr=43.042686,-76.140552"
"Route 340 Outbound Saturday S 1384313298-25 08:30","2","Upstate University Hospital","College Place","http://maps.google.com/maps?f=d&source=s_d&saddr=43.042686,-76.140552&daddr=43.037288,-76.131468"
"Route 340 Outbound Saturday S 1384313298-25 08:30","3","College Place","Meadowbrook & Lancaster","http://maps.google.com/maps?f=d&source=s_d&saddr=43.037288,-76.131468&daddr=43.024648,-76.121802"
"Route 340 Outbound Saturday S 1384313298-25 08:30","4","Meadowbrook & Lancaster","Drumlins","http://maps.google.com/maps?f=d&source=s_d&saddr=43.024648,-76.121802&daddr=43.020828,-76.105612"
"Route 340 Outbound Saturday S 1384313298-26 09:30","0","DOWNTOWN Fayette & Salina Sts.","Civic Center State & Madison","http://maps.google.com/maps?f=d&source=s_d&saddr=43.048677,-76.152228&daddr=43.045485,-76.147508"
"Route 340 Outbound Saturday S 1384313298-26 09:30","1","Civic Center State & Madison","Upstate University Hospital","http://maps.google.com/maps?f=d&source=s_d&saddr=43.045485,-76.147508&daddr=43.042686,-76.140552"
"Route 340 Outbound Saturday S 1384313298-26 09:30","2","Upstate University Hospital","College Place","http://maps.google.com/maps?f=d&source=s_d&saddr=43.042686,-76.140552&daddr=43.037288,-76.131468"
"Route 340 Outbound Saturday S 1384313298-26 09:30","3","College Place","Meadowbrook & Lancaster","http://maps.google.com/maps?f=d&source=s_d&saddr=43.037288,-76.131468&daddr=43.024648,-76.121802"
"Route 340 Outbound Saturday S 1384313298-26 09:30","4","Meadowbrook & Lancaster","Drumlins","http://maps.google.com/maps?f=d&source=s_d&saddr=43.024648,-76.121802&daddr=43.020828,-76.105612"
"Route 340 Outbound Saturday S 1384313298-27 10:40","0","DOWNTOWN Fayette & Salina Sts.","Civic Center State & Madison","http://maps.google.com/maps?f=d&source=s_d&saddr=43.048677,-76.152228&daddr=43.045485,-76.147508"
"Route 340 Outbound Saturday S 1384313298-27 10:40","1","Civic Center State & Madison","Upstate University Hospital","http://maps.google.com/maps?f=d&source=s_d&saddr=43.045485,-76.147508&daddr=43.042686,-76.140552"
"Route 340 Outbound Saturday S 1384313298-27 10:40","2","Upstate University Hospital","College Place","http://maps.google.com/maps?f=d&source=s_d&saddr=43.042686,-76.140552&daddr=43.037288,-76.131468"
"Route 340 Outbound Saturday S 1384313298-27 10:40","3","College Place","Meadowbrook & Lancaster","http://maps.google.com/maps?f=d&source=s_d&saddr=43.037288,-76.131468&daddr=43.024648,-76.121802"
"Route 340 Outbound Saturday S 1384313298-27 10:40","4","Meadowbrook & Lancaster","Drumlins","http://maps.google.com/maps?f=d&source=s_d&saddr=43.024648,-76.121802&daddr=43.020828,-76.105612"
"Route 340 Outbound Saturday S 1384313298-28 11:50","0","DOWNTOWN Fayette & Salina Sts.","Civic Center State & Madison","http://maps.google.com/maps?f=d&source=s_d&saddr=43.048677,-76.152228&daddr=43.045485,-76.147508"
"Route 340 Outbound Saturday S 1384313298-28 11:50","1","Civic Center State & Madison","Upstate University Hospital","http://maps.google.com/maps?f=d&source=s_d&saddr=43.045485,-76.147508&daddr=43.042686,-76.140552"
"Route 340 Outbound Saturday S 1384313298-28 11:50","2","Upstate University Hospital","College Place","http://maps.google.com/maps?f=d&source=s_d&saddr=43.042686,-76.140552&daddr=43.037288,-76.131468"
"Route 340 Outbound Saturday S 1384313298-28 11:50","3","College Place","Meadowbrook & Lancaster","http://maps.google.com/maps?f=d&source=s_d&saddr=43.037288,-76.131468&daddr=43.024648,-76.121802"
"Route 340 Outbound Saturday S 1384313298-28 11:50","4","Meadowbrook & Lancaster","Drumlins","http://maps.google.com/maps?f=d&source=s_d&saddr=43.024648,-76.121802&daddr=43.020828,-76.105612"
"Route 340 Outbound Saturday S 1384313298-29 13:00","0","DOWNTOWN Fayette & Salina Sts.","Civic Center State & Madison","http://maps.google.com/maps?f=d&source=s_d&saddr=43.048677,-76.152228&daddr=43.045485,-76.147508"
"Route 340 Outbound Saturday S 1384313298-29 13:00","1","Civic Center State & Madison","Upstate University Hospital","http://maps.google.com/maps?f=d&source=s_d&saddr=43.045485,-76.147508&daddr=43.042686,-76.140552"
"Route 340 Outbound Saturday S 1384313298-29 13:00","2","Upstate University Hospital","College Place","http://maps.google.com/maps?f=d&source=s_d&saddr=43.042686,-76.140552&daddr=43.037288,-76.131468"
"Route 340 Outbound Saturday S 1384313298-29 13:00","3","College Place","Meadowbrook & Lancaster","http://maps.google.com/maps?f=d&source=s_d&saddr=43.037288,-76.131468&daddr=43.024648,-76.121802"
"Route 340 Outbound Saturday S 1384313298-29 13:00","4","Meadowbrook & Lancaster","Drumlins","http://maps.google.com/maps?f=d&source=s_d&saddr=43.024648,-76.121802&daddr=43.020828,-76.105612"
"Route 340 Outbound Saturday S 1384313298-30 15:20","0","DOWNTOWN Fayette & Salina Sts.","Civic Center State & Madison","http://maps.google.com/maps?f=d&source=s_d&saddr=43.048677,-76.152228&daddr=43.045485,-76.147508"
"Route 340 Outbound Saturday S 1384313298-30 15:20","1","Civic Center State & Madison","Upstate University Hospital","http://maps.google.com/maps?f=d&source=s_d&saddr=43.045485,-76.147508&daddr=43.042686,-76.140552"
"Route 340 Outbound Saturday S 1384313298-30 15:20","2","Upstate University Hospital","College Place","http://maps.google.com/maps?f=d&source=s_d&saddr=43.042686,-76.140552&daddr=43.037288,-76.131468"
"Route 340 Outbound Saturday S 1384313298-30 15:20","3","College Place","Meadowbrook & Lancaster","http://maps.google.com/maps?f=d&source=s_d&saddr=43.037288,-76.131468&daddr=43.024648,-76.121802"
"Route 340 Outbound Saturday S 1384313298-30 15:20","4","Meadowbrook & Lancaster","Drumlins","http://maps.google.com/maps?f=d&source=s_d&saddr=43.024648,-76.121802&daddr=43.020828,-76.105612"
"Route 340 Outbound Saturday S 1384313298-31 17:05","0","DOWNTOWN Fayette & Salina Sts.","Civic Center State & Madison","http://maps.google.com/maps?f=d&source=s_d&saddr=43.048677,-76.152228&daddr=43.045485,-76.147508"
"Route 340 Outbound Saturday S 1384313298-31 17:05","1","Civic Center State & Madison","Upstate University Hospital","http://maps.google.com/maps?f=d&source=s_d&saddr=43.045485,-76.147508&daddr=43.042686,-76.140552"
"Route 340 Outbound Saturday S 1384313298-31 17:05","2","Upstate University Hospital","College Place","http://maps.google.com/maps?f=d&source=s_d&saddr=43.042686,-76.140552&daddr=43.037288,-76.131468"
"Route 340 Outbound Saturday S 1384313298-31 17:05","3","College Place","Meadowbrook & Lancaster","http://maps.google.com/maps?f=d&source=s_d&saddr=43.037288,-76.131468&daddr=43.024648,-76.121802"
"Route 340 Outbound Saturday S 1384313298-31 17:05","4","Meadowbrook & Lancaster","Drumlins","http://maps.google.com/maps?f=d&source=s_d&saddr=43.024648,-76.121802&daddr=43.020828,-76.105612"
"Route 340 Outbound Sunday S 1472389662-32 07:30","0","DOWNTOWN Fayette & Salina Sts.","Civic Center State & Madison","http://maps.google.com/maps?f=d&source=s_d&saddr=43.048677,-76.152228&daddr=43.045485,-76.147508"
"Route 340 Outbound Sunday S 1472389662-32 07:30","1","Civic Center State & Madison","Upstate University Hospital","http://maps.google.com/maps?f=d&source=s_d&saddr=43.045485,-76.147508&daddr=43.042686,-76.140552"
"Route 340 Outbound Sunday S 1472389662-32 07:30","2","Upstate University Hospital","College Place","http://maps.google.com/maps?f=d&source=s_d&saddr=43.042686,-76.140552&daddr=43.037288,-76.131468"
"Route 340 Outbound Sunday S 1472389662-32 07:30","3","College Place","Meadowbrook & Lancaster","http://maps.google.com/maps?f=d&source=s_d&saddr=43.037288,-76.131468&daddr=43.024648,-76.121802"
"Route 340 Outbound Sunday S 1472389662-32 07:30","4","Meadowbrook & Lancaster","Drumlins","http://maps.google.com/maps?f=d&source=s_d&saddr=43.024648,-76.121802&daddr=43.020828,-76.105612"
"Route 340 Outbound Sunday S 1472389662-33 08:30","0","DOWNTOWN Fayette & Salina Sts.","Civic Center State & Madison","http://maps.google.com/maps?f=d&source=s_d&saddr=43.048677,-76.152228&daddr=43.045485,-76.147508"
"Route 340 Outbound Sunday S 1472389662-33 08:30","1","Civic Center State & Madison","Upstate University Hospital","http://maps.google.com/maps?f=d&source=s_d&saddr=43.045485,-76.147508&daddr=43.042686,-76.140552"
"Route 340 Outbound Sunday S 1472389662-33 08:30","2","Upstate University Hospital","College Place","http://maps.google.com/maps?f=d&source=s_d&saddr=43.042686,-76.140552&daddr=43.037288,-76.131468"
"Route 340 Outbound Sunday S 1472389662-33 08:30","3","College Place","Meadowbrook & Lancaster","http://maps.google.com/maps?f=d&source=s_d&saddr=43.037288,-76.131468&daddr=43.024648,-76.121802"
"Route 340 Outbound Sunday S 1472389662-33 08:30","4","Meadowbrook & Lancaster","Drumlins","http://maps.google.com/maps?f=d&source=s_d&saddr=43.024648,-76.121802&daddr=43.020828,-76.105612"
"Route 340 Outbound Sunday S 1472389662-34 11:50","0","DOWNTOWN Fayette & Salina Sts.","Civic Center State & Madison","http://maps.google.com/maps?f=d&source=s_d&saddr=43.048677,-76.152228&daddr=43.045485,-76.147508"
"Route 340 Outbound Sunday S 1472389662-34 11:50","1","Civic Center State & Madison","Upstate University Hospital","http://maps.google.com/maps?f=d&source=s_d&saddr=43.045485,-76.147508&daddr=43.042686,-76.140552"
"Route 340 Outbound Sunday S 1472389662-34 11:50","2","Upstate University Hospital","College Place","http://maps.google.com/maps?f=d&source=s_d&saddr=43.042686,-76.140552&daddr=43.037288,-76.131468"
"Route 340 Outbound Sunday S 1472389662-34 11:50","3","College Place","Meadowbrook & Lancaster","http://maps.google.com/maps?f=d&source=s_d&saddr=43.037288,-76.131468&daddr=43.024648,-76.121802"
"Route 340 Outbound Sunday S 1472389662-34 11:50","4","Meadowbrook & Lancaster","Drumlins","http://maps.google.com/maps?f=d&source=s_d&saddr=43.024648,-76.121802&daddr=43.020828,-76.105612"
"Route 340 Outbound Sunday S 1472389662-35 14:10","0","DOWNTOWN Fayette & Salina Sts.","Civic Center State & Madison","http://maps.google.com/maps?f=d&source=s_d&saddr=43.048677,-76.152228&daddr=43.045485,-76.147508"
"Route 340 Outbound Sunday S 1472389662-35 14:10","1","Civic Center State & Madison","Upstate University Hospital","http://maps.google.com/maps?f=d&source=s_d&saddr=43.045485,-76.147508&daddr=43.042686,-76.140552"
"Route 340 Outbound Sunday S 1472389662-35 14:10","2","Upstate University Hospital","College Place","http://maps.google.com/maps?f=d&source=s_d&saddr=43.042686,-76.140552&daddr=43.037288,-76.131468"
"Route 340 Outbound Sunday S 1472389662-35 14:10","3","College Place","Meadowbrook & Lancaster","http://maps.google.com/maps?f=d&source=s_d&saddr=43.037288,-76.131468&daddr=43.024648,-76.121802"
"Route 340 Outbound Sunday S 1472389662-35 14:10","4","Meadowbrook & Lancaster","Drumlins","http://maps.google.com/maps?f=d&source=s_d&saddr=43.024648,-76.121802&daddr=43.020828,-76.105612"
"Route 340 Outbound Sunday S 1472389662-36 16:30","0","DOWNTOWN Fayette & Salina Sts.","Civic Center State & Madison","http://maps.google.com/maps?f=d&source=s_d&saddr=43.048677,-76.152228&daddr=43.045485,-76.147508"
"Route 340 Outbound Sunday S 1472389662-36 16:30","1","Civic Center State & Madison","Upstate University Hospital","http://maps.google.com/maps?f=d&source=s_d&saddr=43.045485,-76.147508&daddr=43.042686,-76.140552"
"Route 340 Outbound Sunday S 1472389662-36 16:30","2","Upstate University Hospital","College Place","http://maps.google.com/maps?f=d&source=s_d&saddr=43.042686,-76.140552&daddr=43.037288,-76.131468"
"Route 340 Outbound Sunday S 1472389662-36 16:30","3","College Place","Meadowbrook & Lancaster","http://maps.google.com/maps?f=d&source=s_d&saddr=43.037288,-76.131468&daddr=43.024648,-76.121802"
"Route 340 Outbound Sunday S 1472389662-36 16:30","4","Meadowbrook & Lancaster","Drumlins","http://maps.google.com/maps?f=d&source=s_d&saddr=43.024648,-76.121802&daddr=43.020828,-76.105612"
"Route 340 Outbound Sunday S 1472389662-37 18:10","0","DOWNTOWN Fayette & Salina Sts.","Civic Center State & Madison","http://maps.google.com/maps?f=d&source=s_d&saddr=43.048677,-76.152228&daddr=43.045485,-76.147508"
"Route 340 Outbound Sunday S 1472389662-37 18:10","1","Civic Center State & Madison","Upstate University Hospital","http://maps.google.com/maps?f=d&source=s_d&saddr=43.045485,-76.147508&daddr=43.042686,-76.140552"
"Route 340 Outbound Sunday S 1472389662-37 18:10","2","Upstate University Hospital","College Place","http://maps.google.com/maps?f=d&source=s_d&saddr=43.042686,-76.140552&daddr=43.037288,-76.131468"
"Route 340 Outbound Sunday S 1472389662-37 18:10","3","College Place","Meadowbrook & Lancaster","http://maps.google.com/maps?f=d&source=s_d&saddr=43.037288,-76.131468&daddr=43.024648,-76.121802"
"Route 340 Outbound Sunday S 1472389662-37 18:10","4","Meadowbrook & Lancaster","Drumlins","http://maps.google.com/maps?f=d&source=s_d&saddr=43.024648,-76.121802&daddr=43.020828,-76.105612"
