"Route 330 Inbound Weekday S 1677245548-1 05:32","0","Wegmans Plaza Park-n-Ride","East Genesee St. & Jamesville Rd.","http://maps.google.com/maps?f=d&source=s_d&saddr=43.030619,-76.051038&daddr=43.035234,-76.067665"
"Route 330 Inbound Weekday S 1677245548-1 05:32","1","East Genesee St. & Jamesville Rd.","Genesee St. & Wescott St.","http://maps.google.com/maps?f=d&source=s_d&saddr=43.035234,-76.067665&daddr=43.045537,-76.119676"
"Route 330 Inbound Weekday S 1677245548-1 05:32","2","Genesee St. & Wescott St.","Westcott St. & Euclid Ave.","http://maps.google.com/maps?f=d&source=s_d&saddr=43.045537,-76.119676&daddr=43.036818,-76.118941"
"Route 330 Inbound Weekday S 1677245548-1 05:32","3","Westcott St. & Euclid Ave.","Bird Library University Place","http://maps.google.com/maps?f=d&source=s_d&saddr=43.036818,-76.118941&daddr=43.039392,-76.133207"
"Route 330 Inbound Weekday S 1677245548-1 05:32","4","Bird Library University Place","Archibold Theater Irving Ave.","http://maps.google.com/maps?f=d&source=s_d&saddr=43.039392,-76.133207&daddr=43.046492,-76.137756"
"Route 330 Inbound Weekday S 1677245548-1 05:32","5","Archibold Theater Irving Ave.","Downtown Fayette & Salina Sts.","http://maps.google.com/maps?f=d&source=s_d&saddr=43.046492,-76.137756&daddr=43.04869,-76.152224"
"Route 330 Inbound Weekday S 1677245548-2 06:37","0","Wegmans Plaza Park-n-Ride","East Genesee St. & Jamesville Rd.","http://maps.google.com/maps?f=d&source=s_d&saddr=43.030619,-76.051038&daddr=43.035234,-76.067665"
"Route 330 Inbound Weekday S 1677245548-2 06:37","1","East Genesee St. & Jamesville Rd.","Genesee St. & Wescott St.","http://maps.google.com/maps?f=d&source=s_d&saddr=43.035234,-76.067665&daddr=43.045537,-76.119676"
"Route 330 Inbound Weekday S 1677245548-2 06:37","2","Genesee St. & Wescott St.","Westcott St. & Euclid Ave.","http://maps.google.com/maps?f=d&source=s_d&saddr=43.045537,-76.119676&daddr=43.036818,-76.118941"
"Route 330 Inbound Weekday S 1677245548-2 06:37","3","Westcott St. & Euclid Ave.","Bird Library University Place","http://maps.google.com/maps?f=d&source=s_d&saddr=43.036818,-76.118941&daddr=43.039392,-76.133207"
"Route 330 Inbound Weekday S 1677245548-2 06:37","4","Bird Library University Place","Archibold Theater Irving Ave.","http://maps.google.com/maps?f=d&source=s_d&saddr=43.039392,-76.133207&daddr=43.046492,-76.137756"
"Route 330 Inbound Weekday S 1677245548-2 06:37","5","Archibold Theater Irving Ave.","Downtown Fayette & Salina Sts.","http://maps.google.com/maps?f=d&source=s_d&saddr=43.046492,-76.137756&daddr=43.04869,-76.152224"
"Route 330 Inbound Weekday S 1677245548-3 07:12","0","Wegmans Plaza Park-n-Ride","East Genesee St. & Jamesville Rd.","http://maps.google.com/maps?f=d&source=s_d&saddr=43.030619,-76.051038&daddr=43.035234,-76.067665"
"Route 330 Inbound Weekday S 1677245548-3 07:12","1","East Genesee St. & Jamesville Rd.","Genesee St. & Wescott St.","http://maps.google.com/maps?f=d&source=s_d&saddr=43.035234,-76.067665&daddr=43.045537,-76.119676"
"Route 330 Inbound Weekday S 1677245548-3 07:12","2","Genesee St. & Wescott St.","Westcott St. & Euclid Ave.","http://maps.google.com/maps?f=d&source=s_d&saddr=43.045537,-76.119676&daddr=43.036818,-76.118941"
"Route 330 Inbound Weekday S 1677245548-3 07:12","3","Westcott St. & Euclid Ave.","Bird Library University Place","http://maps.google.com/maps?f=d&source=s_d&saddr=43.036818,-76.118941&daddr=43.039392,-76.133207"
"Route 330 Inbound Weekday S 1677245548-3 07:12","4","Bird Library University Place","Archibold Theater Irving Ave.","http://maps.google.com/maps?f=d&source=s_d&saddr=43.039392,-76.133207&daddr=43.046492,-76.137756"
"Route 330 Inbound Weekday S 1677245548-3 07:12","5","Archibold Theater Irving Ave.","Downtown Fayette & Salina Sts.","http://maps.google.com/maps?f=d&source=s_d&saddr=43.046492,-76.137756&daddr=43.04869,-76.152224"
"Route 430 Inbound Weekday S 366159047-4 07:23","0","Rt 481","East Genesee St. & Jamesville Rd.","http://maps.google.com/maps?f=d&source=s_d&saddr=43.010874,-76.074604&daddr=43.035234,-76.067665"
"Route 430 Inbound Weekday S 366159047-4 07:23","1","East Genesee St. & Jamesville Rd.","Genesee St. & Wescott St.","http://maps.google.com/maps?f=d&source=s_d&saddr=43.035234,-76.067665&daddr=43.045537,-76.119676"
"Route 430 Inbound Weekday S 366159047-4 07:23","2","Genesee St. & Wescott St.","Downtown Fayette & Salina Sts.","http://maps.google.com/maps?f=d&source=s_d&saddr=43.045537,-76.119676&daddr=43.04869,-76.152224"
"Route 430 Inbound Weekday S 366159047-5 07:53","0","Rt 481","East Genesee St. & Jamesville Rd.","http://maps.google.com/maps?f=d&source=s_d&saddr=43.010874,-76.074604&daddr=43.035234,-76.067665"
"Route 430 Inbound Weekday S 366159047-5 07:53","1","East Genesee St. & Jamesville Rd.","Genesee St. & Wescott St.","http://maps.google.com/maps?f=d&source=s_d&saddr=43.035234,-76.067665&daddr=43.045537,-76.119676"
"Route 430 Inbound Weekday S 366159047-5 07:53","2","Genesee St. & Wescott St.","Downtown Fayette & Salina Sts.","http://maps.google.com/maps?f=d&source=s_d&saddr=43.045537,-76.119676&daddr=43.04869,-76.152224"
"Route 130 Inbound Weekday S 129766474-6 07:55","0","Nottingham H.S.","Genesee St. & Wescott St.","http://maps.google.com/maps?f=d&source=s_d&saddr=43.042499,-76.096925&daddr=43.045537,-76.119676"
"Route 130 Inbound Weekday S 129766474-6 07:55","1","Genesee St. & Wescott St.","Westcott St. & Euclid Ave.","http://maps.google.com/maps?f=d&source=s_d&saddr=43.045537,-76.119676&daddr=43.036818,-76.118941"
"Route 130 Inbound Weekday S 129766474-6 07:55","2","Westcott St. & Euclid Ave.","Bird Library University Place","http://maps.google.com/maps?f=d&source=s_d&saddr=43.036818,-76.118941&daddr=43.039392,-76.133207"
"Route 130 Inbound Weekday S 129766474-6 07:55","3","Bird Library University Place","Archibold Theater Irving Ave.","http://maps.google.com/maps?f=d&source=s_d&saddr=43.039392,-76.133207&daddr=43.046492,-76.137756"
"Route 130 Inbound Weekday S 129766474-6 07:55","4","Archibold Theater Irving Ave.","Downtown Fayette & Salina Sts.","http://maps.google.com/maps?f=d&source=s_d&saddr=43.046492,-76.137756&daddr=43.04869,-76.152224"
"Route 330 Inbound Weekday S 1677245548-7 08:02","0","Wegmans Plaza Park-n-Ride","East Genesee St. & Jamesville Rd.","http://maps.google.com/maps?f=d&source=s_d&saddr=43.030619,-76.051038&daddr=43.035234,-76.067665"
"Route 330 Inbound Weekday S 1677245548-7 08:02","1","East Genesee St. & Jamesville Rd.","Genesee St. & Wescott St.","http://maps.google.com/maps?f=d&source=s_d&saddr=43.035234,-76.067665&daddr=43.045537,-76.119676"
"Route 330 Inbound Weekday S 1677245548-7 08:02","2","Genesee St. & Wescott St.","Westcott St. & Euclid Ave.","http://maps.google.com/maps?f=d&source=s_d&saddr=43.045537,-76.119676&daddr=43.036818,-76.118941"
"Route 330 Inbound Weekday S 1677245548-7 08:02","3","Westcott St. & Euclid Ave.","Bird Library University Place","http://maps.google.com/maps?f=d&source=s_d&saddr=43.036818,-76.118941&daddr=43.039392,-76.133207"
"Route 330 Inbound Weekday S 1677245548-7 08:02","4","Bird Library University Place","Archibold Theater Irving Ave.","http://maps.google.com/maps?f=d&source=s_d&saddr=43.039392,-76.133207&daddr=43.046492,-76.137756"
"Route 330 Inbound Weekday S 1677245548-7 08:02","5","Archibold Theater Irving Ave.","Downtown Fayette & Salina Sts.","http://maps.google.com/maps?f=d&source=s_d&saddr=43.046492,-76.137756&daddr=43.04869,-76.152224"
"Route 530 Inbound Weekday S 944927454-8 09:07","0","Shoppingtown Mall","East Genesee St. & Jamesville Rd.","http://maps.google.com/maps?f=d&source=s_d&saddr=43.042905,-76.064111&daddr=43.035234,-76.067665"
"Route 530 Inbound Weekday S 944927454-8 09:07","1","East Genesee St. & Jamesville Rd.","Genesee St. & Wescott St.","http://maps.google.com/maps?f=d&source=s_d&saddr=43.035234,-76.067665&daddr=43.045537,-76.119676"
"Route 530 Inbound Weekday S 944927454-8 09:07","2","Genesee St. & Wescott St.","Westcott St. & Euclid Ave.","http://maps.google.com/maps?f=d&source=s_d&saddr=43.045537,-76.119676&daddr=43.036818,-76.118941"
"Route 530 Inbound Weekday S 944927454-8 09:07","3","Westcott St. & Euclid Ave.","Bird Library University Place","http://maps.google.com/maps?f=d&source=s_d&saddr=43.036818,-76.118941&daddr=43.039392,-76.133207"
"Route 530 Inbound Weekday S 944927454-8 09:07","4","Bird Library University Place","Archibold Theater Irving Ave.","http://maps.google.com/maps?f=d&source=s_d&saddr=43.039392,-76.133207&daddr=43.046492,-76.137756"
"Route 530 Inbound Weekday S 944927454-8 09:07","5","Archibold Theater Irving Ave.","Downtown Fayette & Salina Sts.","http://maps.google.com/maps?f=d&source=s_d&saddr=43.046492,-76.137756&daddr=43.04869,-76.152224"
"Route 530 Inbound Weekday S 944927454-9 09:45","0","Shoppingtown Mall","East Genesee St. & Jamesville Rd.","http://maps.google.com/maps?f=d&source=s_d&saddr=43.042905,-76.064111&daddr=43.035234,-76.067665"
"Route 530 Inbound Weekday S 944927454-9 09:45","1","East Genesee St. & Jamesville Rd.","Genesee St. & Wescott St.","http://maps.google.com/maps?f=d&source=s_d&saddr=43.035234,-76.067665&daddr=43.045537,-76.119676"
"Route 530 Inbound Weekday S 944927454-9 09:45","2","Genesee St. & Wescott St.","Westcott St. & Euclid Ave.","http://maps.google.com/maps?f=d&source=s_d&saddr=43.045537,-76.119676&daddr=43.036818,-76.118941"
"Route 530 Inbound Weekday S 944927454-9 09:45","3","Westcott St. & Euclid Ave.","Bird Library University Place","http://maps.google.com/maps?f=d&source=s_d&saddr=43.036818,-76.118941&daddr=43.039392,-76.133207"
"Route 530 Inbound Weekday S 944927454-9 09:45","4","Bird Library University Place","Archibold Theater Irving Ave.","http://maps.google.com/maps?f=d&source=s_d&saddr=43.039392,-76.133207&daddr=43.046492,-76.137756"
"Route 530 Inbound Weekday S 944927454-9 09:45","5","Archibold Theater Irving Ave.","Downtown Fayette & Salina Sts.","http://maps.google.com/maps?f=d&source=s_d&saddr=43.046492,-76.137756&daddr=43.04869,-76.152224"
"Route 530 Inbound Weekday S 944927454-9 09:45","6","Downtown Fayette & Salina Sts.","Fairmont Fair","http://maps.google.com/maps?f=d&source=s_d&saddr=43.04869,-76.152224&daddr=43.047035,-76.238798"
"Route 530 Inbound Weekday S 944927454-9 09:45","7","Fairmont Fair","Camilius Commons","http://maps.google.com/maps?f=d&source=s_d&saddr=43.047035,-76.238798&daddr=43.038943,-76.309099"
"Route 530 Inbound Weekday S 944927454-10 10:52","0","Shoppingtown Mall","East Genesee St. & Jamesville Rd.","http://maps.google.com/maps?f=d&source=s_d&saddr=43.042905,-76.064111&daddr=43.035234,-76.067665"
"Route 530 Inbound Weekday S 944927454-10 10:52","1","East Genesee St. & Jamesville Rd.","Genesee St. & Wescott St.","http://maps.google.com/maps?f=d&source=s_d&saddr=43.035234,-76.067665&daddr=43.045537,-76.119676"
"Route 530 Inbound Weekday S 944927454-10 10:52","2","Genesee St. & Wescott St.","Westcott St. & Euclid Ave.","http://maps.google.com/maps?f=d&source=s_d&saddr=43.045537,-76.119676&daddr=43.036818,-76.118941"
"Route 530 Inbound Weekday S 944927454-10 10:52","3","Westcott St. & Euclid Ave.","Bird Library University Place","http://maps.google.com/maps?f=d&source=s_d&saddr=43.036818,-76.118941&daddr=43.039392,-76.133207"
"Route 530 Inbound Weekday S 944927454-10 10:52","4","Bird Library University Place","Archibold Theater Irving Ave.","http://maps.google.com/maps?f=d&source=s_d&saddr=43.039392,-76.133207&daddr=43.046492,-76.137756"
"Route 530 Inbound Weekday S 944927454-10 10:52","5","Archibold Theater Irving Ave.","Downtown Fayette & Salina Sts.","http://maps.google.com/maps?f=d&source=s_d&saddr=43.046492,-76.137756&daddr=43.04869,-76.152224"
"Route 530 Inbound Weekday S 944927454-10 10:52","6","Downtown Fayette & Salina Sts.","Fairmont Fair","http://maps.google.com/maps?f=d&source=s_d&saddr=43.04869,-76.152224&daddr=43.047035,-76.238798"
"Route 530 Inbound Weekday S 944927454-10 10:52","7","Fairmont Fair","Camilius Commons","http://maps.google.com/maps?f=d&source=s_d&saddr=43.047035,-76.238798&daddr=43.038943,-76.309099"
"Route 530 Inbound Weekday S 944927454-11 12:02","0","Shoppingtown Mall","East Genesee St. & Jamesville Rd.","http://maps.google.com/maps?f=d&source=s_d&saddr=43.042905,-76.064111&daddr=43.035234,-76.067665"
"Route 530 Inbound Weekday S 944927454-11 12:02","1","East Genesee St. & Jamesville Rd.","Genesee St. & Wescott St.","http://maps.google.com/maps?f=d&source=s_d&saddr=43.035234,-76.067665&daddr=43.045537,-76.119676"
"Route 530 Inbound Weekday S 944927454-11 12:02","2","Genesee St. & Wescott St.","Westcott St. & Euclid Ave.","http://maps.google.com/maps?f=d&source=s_d&saddr=43.045537,-76.119676&daddr=43.036818,-76.118941"
"Route 530 Inbound Weekday S 944927454-11 12:02","3","Westcott St. & Euclid Ave.","Bird Library University Place","http://maps.google.com/maps?f=d&source=s_d&saddr=43.036818,-76.118941&daddr=43.039392,-76.133207"
"Route 530 Inbound Weekday S 944927454-11 12:02","4","Bird Library University Place","Archibold Theater Irving Ave.","http://maps.google.com/maps?f=d&source=s_d&saddr=43.039392,-76.133207&daddr=43.046492,-76.137756"
"Route 530 Inbound Weekday S 944927454-11 12:02","5","Archibold Theater Irving Ave.","Downtown Fayette & Salina Sts.","http://maps.google.com/maps?f=d&source=s_d&saddr=43.046492,-76.137756&daddr=43.04869,-76.152224"
"Route 530 Inbound Weekday S 944927454-11 12:02","6","Downtown Fayette & Salina Sts.","Fairmont Fair","http://maps.google.com/maps?f=d&source=s_d&saddr=43.04869,-76.152224&daddr=43.047035,-76.238798"
"Route 530 Inbound Weekday S 944927454-11 12:02","7","Fairmont Fair","Camilius Commons","http://maps.google.com/maps?f=d&source=s_d&saddr=43.047035,-76.238798&daddr=43.038943,-76.309099"
"Route 530 Inbound Weekday S 944927454-12 13:15","0","Shoppingtown Mall","East Genesee St. & Jamesville Rd.","http://maps.google.com/maps?f=d&source=s_d&saddr=43.042905,-76.064111&daddr=43.035234,-76.067665"
"Route 530 Inbound Weekday S 944927454-12 13:15","1","East Genesee St. & Jamesville Rd.","Genesee St. & Wescott St.","http://maps.google.com/maps?f=d&source=s_d&saddr=43.035234,-76.067665&daddr=43.045537,-76.119676"
"Route 530 Inbound Weekday S 944927454-12 13:15","2","Genesee St. & Wescott St.","Westcott St. & Euclid Ave.","http://maps.google.com/maps?f=d&source=s_d&saddr=43.045537,-76.119676&daddr=43.036818,-76.118941"
"Route 530 Inbound Weekday S 944927454-12 13:15","3","Westcott St. & Euclid Ave.","Bird Library University Place","http://maps.google.com/maps?f=d&source=s_d&saddr=43.036818,-76.118941&daddr=43.039392,-76.133207"
"Route 530 Inbound Weekday S 944927454-12 13:15","4","Bird Library University Place","Archibold Theater Irving Ave.","http://maps.google.com/maps?f=d&source=s_d&saddr=43.039392,-76.133207&daddr=43.046492,-76.137756"
"Route 530 Inbound Weekday S 944927454-12 13:15","5","Archibold Theater Irving Ave.","Downtown Fayette & Salina Sts.","http://maps.google.com/maps?f=d&source=s_d&saddr=43.046492,-76.137756&daddr=43.04869,-76.152224"
"Route 530 Inbound Weekday S 944927454-12 13:15","6","Downtown Fayette & Salina Sts.","Fairmont Fair","http://maps.google.com/maps?f=d&source=s_d&saddr=43.04869,-76.152224&daddr=43.047035,-76.238798"
"Route 530 Inbound Weekday S 944927454-12 13:15","7","Fairmont Fair","Camilius Commons","http://maps.google.com/maps?f=d&source=s_d&saddr=43.047035,-76.238798&daddr=43.038943,-76.309099"
"Route 130 Inbound Weekday S 129766474-13 14:00","0","Nottingham H.S.","Genesee St. & Wescott St.","http://maps.google.com/maps?f=d&source=s_d&saddr=43.042499,-76.096925&daddr=43.045537,-76.119676"
"Route 130 Inbound Weekday S 129766474-13 14:00","1","Genesee St. & Wescott St.","Westcott St. & Euclid Ave.","http://maps.google.com/maps?f=d&source=s_d&saddr=43.045537,-76.119676&daddr=43.036818,-76.118941"
"Route 130 Inbound Weekday S 129766474-13 14:00","2","Westcott St. & Euclid Ave.","Bird Library University Place","http://maps.google.com/maps?f=d&source=s_d&saddr=43.036818,-76.118941&daddr=43.039392,-76.133207"
"Route 130 Inbound Weekday S 129766474-13 14:00","3","Bird Library University Place","Archibold Theater Irving Ave.","http://maps.google.com/maps?f=d&source=s_d&saddr=43.039392,-76.133207&daddr=43.046492,-76.137756"
"Route 130 Inbound Weekday S 129766474-13 14:00","4","Archibold Theater Irving Ave.","Downtown Fayette & Salina Sts.","http://maps.google.com/maps?f=d&source=s_d&saddr=43.046492,-76.137756&daddr=43.04869,-76.152224"
"Route 530 Inbound Weekday S 944927454-14 14:25","0","Shoppingtown Mall","East Genesee St. & Jamesville Rd.","http://maps.google.com/maps?f=d&source=s_d&saddr=43.042905,-76.064111&daddr=43.035234,-76.067665"
"Route 530 Inbound Weekday S 944927454-14 14:25","1","East Genesee St. & Jamesville Rd.","Genesee St. & Wescott St.","http://maps.google.com/maps?f=d&source=s_d&saddr=43.035234,-76.067665&daddr=43.045537,-76.119676"
"Route 530 Inbound Weekday S 944927454-14 14:25","2","Genesee St. & Wescott St.","Westcott St. & Euclid Ave.","http://maps.google.com/maps?f=d&source=s_d&saddr=43.045537,-76.119676&daddr=43.036818,-76.118941"
"Route 530 Inbound Weekday S 944927454-14 14:25","3","Westcott St. & Euclid Ave.","Bird Library University Place","http://maps.google.com/maps?f=d&source=s_d&saddr=43.036818,-76.118941&daddr=43.039392,-76.133207"
"Route 530 Inbound Weekday S 944927454-14 14:25","4","Bird Library University Place","Archibold Theater Irving Ave.","http://maps.google.com/maps?f=d&source=s_d&saddr=43.039392,-76.133207&daddr=43.046492,-76.137756"
"Route 530 Inbound Weekday S 944927454-14 14:25","5","Archibold Theater Irving Ave.","Downtown Fayette & Salina Sts.","http://maps.google.com/maps?f=d&source=s_d&saddr=43.046492,-76.137756&daddr=43.04869,-76.152224"
"Route 530 Inbound Weekday S 944927454-14 14:25","6","Downtown Fayette & Salina Sts.","Fairmont Fair","http://maps.google.com/maps?f=d&source=s_d&saddr=43.04869,-76.152224&daddr=43.047035,-76.238798"
"Route 530 Inbound Weekday S 944927454-14 14:25","7","Fairmont Fair","Camilius Commons","http://maps.google.com/maps?f=d&source=s_d&saddr=43.047035,-76.238798&daddr=43.038943,-76.309099"
"Route 530 Inbound Weekday S 944927454-15 15:30","0","Shoppingtown Mall","East Genesee St. & Jamesville Rd.","http://maps.google.com/maps?f=d&source=s_d&saddr=43.042905,-76.064111&daddr=43.035234,-76.067665"
"Route 530 Inbound Weekday S 944927454-15 15:30","1","East Genesee St. & Jamesville Rd.","Genesee St. & Wescott St.","http://maps.google.com/maps?f=d&source=s_d&saddr=43.035234,-76.067665&daddr=43.045537,-76.119676"
"Route 530 Inbound Weekday S 944927454-15 15:30","2","Genesee St. & Wescott St.","Westcott St. & Euclid Ave.","http://maps.google.com/maps?f=d&source=s_d&saddr=43.045537,-76.119676&daddr=43.036818,-76.118941"
"Route 530 Inbound Weekday S 944927454-15 15:30","3","Westcott St. & Euclid Ave.","Bird Library University Place","http://maps.google.com/maps?f=d&source=s_d&saddr=43.036818,-76.118941&daddr=43.039392,-76.133207"
"Route 530 Inbound Weekday S 944927454-15 15:30","4","Bird Library University Place","Archibold Theater Irving Ave.","http://maps.google.com/maps?f=d&source=s_d&saddr=43.039392,-76.133207&daddr=43.046492,-76.137756"
"Route 530 Inbound Weekday S 944927454-15 15:30","5","Archibold Theater Irving Ave.","Downtown Fayette & Salina Sts.","http://maps.google.com/maps?f=d&source=s_d&saddr=43.046492,-76.137756&daddr=43.04869,-76.152224"
"Route 530 Inbound Weekday S 944927454-15 15:30","6","Downtown Fayette & Salina Sts.","Fairmont Fair","http://maps.google.com/maps?f=d&source=s_d&saddr=43.04869,-76.152224&daddr=43.047035,-76.238798"
"Route 530 Inbound Weekday S 944927454-15 15:30","7","Fairmont Fair","Camilius Commons","http://maps.google.com/maps?f=d&source=s_d&saddr=43.047035,-76.238798&daddr=43.038943,-76.309099"
"Route 30 Inbound Weekday S 530473499-16 16:09","0","Bird Library University Place","Archibold Theater Irving Ave.","http://maps.google.com/maps?f=d&source=s_d&saddr=43.039392,-76.133207&daddr=43.046492,-76.137756"
"Route 30 Inbound Weekday S 530473499-16 16:09","1","Archibold Theater Irving Ave.","Downtown Fayette & Salina Sts.","http://maps.google.com/maps?f=d&source=s_d&saddr=43.046492,-76.137756&daddr=43.04869,-76.152224"
"Route 30 Inbound Weekday S 530473499-16 16:09","2","Downtown Fayette & Salina Sts.","Fairmont Fair","http://maps.google.com/maps?f=d&source=s_d&saddr=43.04869,-76.152224&daddr=43.047035,-76.238798"
"Route 30 Inbound Weekday S 530473499-16 16:09","3","Fairmont Fair","Camilius Commons","http://maps.google.com/maps?f=d&source=s_d&saddr=43.047035,-76.238798&daddr=43.038943,-76.309099"
"Route 30 Inbound Weekday S 530473499-17 16:39","0","Bird Library University Place","Archibold Theater Irving Ave.","http://maps.google.com/maps?f=d&source=s_d&saddr=43.039392,-76.133207&daddr=43.046492,-76.137756"
"Route 30 Inbound Weekday S 530473499-17 16:39","1","Archibold Theater Irving Ave.","Downtown Fayette & Salina Sts.","http://maps.google.com/maps?f=d&source=s_d&saddr=43.046492,-76.137756&daddr=43.04869,-76.152224"
"Route 30 Inbound Weekday S 530473499-17 16:39","2","Downtown Fayette & Salina Sts.","Fairmont Fair","http://maps.google.com/maps?f=d&source=s_d&saddr=43.04869,-76.152224&daddr=43.047035,-76.238798"
"Route 30 Inbound Weekday S 530473499-17 16:39","3","Fairmont Fair","Camilius Commons","http://maps.google.com/maps?f=d&source=s_d&saddr=43.047035,-76.238798&daddr=43.038943,-76.309099"
"Route 530 Inbound Weekday S 944927454-18 16:40","0","Shoppingtown Mall","East Genesee St. & Jamesville Rd.","http://maps.google.com/maps?f=d&source=s_d&saddr=43.042905,-76.064111&daddr=43.035234,-76.067665"
"Route 530 Inbound Weekday S 944927454-18 16:40","1","East Genesee St. & Jamesville Rd.","Genesee St. & Wescott St.","http://maps.google.com/maps?f=d&source=s_d&saddr=43.035234,-76.067665&daddr=43.045537,-76.119676"
"Route 530 Inbound Weekday S 944927454-18 16:40","2","Genesee St. & Wescott St.","Westcott St. & Euclid Ave.","http://maps.google.com/maps?f=d&source=s_d&saddr=43.045537,-76.119676&daddr=43.036818,-76.118941"
"Route 530 Inbound Weekday S 944927454-18 16:40","3","Westcott St. & Euclid Ave.","Bird Library University Place","http://maps.google.com/maps?f=d&source=s_d&saddr=43.036818,-76.118941&daddr=43.039392,-76.133207"
"Route 530 Inbound Weekday S 944927454-18 16:40","4","Bird Library University Place","Archibold Theater Irving Ave.","http://maps.google.com/maps?f=d&source=s_d&saddr=43.039392,-76.133207&daddr=43.046492,-76.137756"
"Route 530 Inbound Weekday S 944927454-18 16:40","5","Archibold Theater Irving Ave.","Downtown Fayette & Salina Sts.","http://maps.google.com/maps?f=d&source=s_d&saddr=43.046492,-76.137756&daddr=43.04869,-76.152224"
"Route 530 Inbound Weekday S 944927454-18 16:40","6","Downtown Fayette & Salina Sts.","Fairmont Fair","http://maps.google.com/maps?f=d&source=s_d&saddr=43.04869,-76.152224&daddr=43.047035,-76.238798"
"Route 530 Inbound Weekday S 944927454-18 16:40","7","Fairmont Fair","Camilius Commons","http://maps.google.com/maps?f=d&source=s_d&saddr=43.047035,-76.238798&daddr=43.038943,-76.309099"
"Route 530 Inbound Weekday S 944927454-19 17:00","0","Shoppingtown Mall","East Genesee St. & Jamesville Rd.","http://maps.google.com/maps?f=d&source=s_d&saddr=43.042905,-76.064111&daddr=43.035234,-76.067665"
"Route 530 Inbound Weekday S 944927454-19 17:00","1","East Genesee St. & Jamesville Rd.","Genesee St. & Wescott St.","http://maps.google.com/maps?f=d&source=s_d&saddr=43.035234,-76.067665&daddr=43.045537,-76.119676"
"Route 530 Inbound Weekday S 944927454-19 17:00","2","Genesee St. & Wescott St.","Westcott St. & Euclid Ave.","http://maps.google.com/maps?f=d&source=s_d&saddr=43.045537,-76.119676&daddr=43.036818,-76.118941"
"Route 530 Inbound Weekday S 944927454-19 17:00","3","Westcott St. & Euclid Ave.","Bird Library University Place","http://maps.google.com/maps?f=d&source=s_d&saddr=43.036818,-76.118941&daddr=43.039392,-76.133207"
"Route 530 Inbound Weekday S 944927454-19 17:00","4","Bird Library University Place","Archibold Theater Irving Ave.","http://maps.google.com/maps?f=d&source=s_d&saddr=43.039392,-76.133207&daddr=43.046492,-76.137756"
"Route 530 Inbound Weekday S 944927454-19 17:00","5","Archibold Theater Irving Ave.","Downtown Fayette & Salina Sts.","http://maps.google.com/maps?f=d&source=s_d&saddr=43.046492,-76.137756&daddr=43.04869,-76.152224"
"Route 530 Inbound Weekday S 944927454-19 17:00","6","Downtown Fayette & Salina Sts.","Fairmont Fair","http://maps.google.com/maps?f=d&source=s_d&saddr=43.04869,-76.152224&daddr=43.047035,-76.238798"
"Route 530 Inbound Weekday S 944927454-19 17:00","7","Fairmont Fair","Camilius Commons","http://maps.google.com/maps?f=d&source=s_d&saddr=43.047035,-76.238798&daddr=43.038943,-76.309099"
"Route 230 Inbound Weekday S 1440852975-20 23:03","0","Menorah Park","Genesee St. & Wescott St.","http://maps.google.com/maps?f=d&source=s_d&saddr=43.038365,-76.078724&daddr=43.045537,-76.119676"
"Route 230 Inbound Weekday S 1440852975-20 23:03","1","Genesee St. & Wescott St.","Westcott St. & Euclid Ave.","http://maps.google.com/maps?f=d&source=s_d&saddr=43.045537,-76.119676&daddr=43.036818,-76.118941"
"Route 230 Inbound Weekday S 1440852975-20 23:03","2","Westcott St. & Euclid Ave.","Bird Library University Place","http://maps.google.com/maps?f=d&source=s_d&saddr=43.036818,-76.118941&daddr=43.039392,-76.133207"
"Route 230 Inbound Weekday S 1440852975-20 23:03","3","Bird Library University Place","Archibold Theater Irving Ave.","http://maps.google.com/maps?f=d&source=s_d&saddr=43.039392,-76.133207&daddr=43.046492,-76.137756"
"Route 230 Inbound Weekday S 1440852975-20 23:03","4","Archibold Theater Irving Ave.","Downtown Fayette & Salina Sts.","http://maps.google.com/maps?f=d&source=s_d&saddr=43.046492,-76.137756&daddr=43.04869,-76.152224"
"Route 330 Inbound Saturday S 1537338309-21 06:52","0","Wegmans Plaza Park-n-Ride","East Genesee St. & Jamesville Rd.","http://maps.google.com/maps?f=d&source=s_d&saddr=43.030619,-76.051038&daddr=43.035234,-76.067665"
"Route 330 Inbound Saturday S 1537338309-21 06:52","1","East Genesee St. & Jamesville Rd.","Genesee St. & Wescott St.","http://maps.google.com/maps?f=d&source=s_d&saddr=43.035234,-76.067665&daddr=43.045537,-76.119676"
"Route 330 Inbound Saturday S 1537338309-21 06:52","2","Genesee St. & Wescott St.","Westcott St. & Euclid Ave.","http://maps.google.com/maps?f=d&source=s_d&saddr=43.045537,-76.119676&daddr=43.036818,-76.118941"
"Route 330 Inbound Saturday S 1537338309-21 06:52","3","Westcott St. & Euclid Ave.","Bird Library University Place","http://maps.google.com/maps?f=d&source=s_d&saddr=43.036818,-76.118941&daddr=43.039392,-76.133207"
"Route 330 Inbound Saturday S 1537338309-21 06:52","4","Bird Library University Place","Archibold Theater Irving Ave.","http://maps.google.com/maps?f=d&source=s_d&saddr=43.039392,-76.133207&daddr=43.046492,-76.137756"
"Route 330 Inbound Saturday S 1537338309-21 06:52","5","Archibold Theater Irving Ave.","Downtown Fayette & Salina Sts.","http://maps.google.com/maps?f=d&source=s_d&saddr=43.046492,-76.137756&daddr=43.04869,-76.152224"
"Route 330 Inbound Saturday S 1537338309-21 06:52","6","Downtown Fayette & Salina Sts.","Fairmont Fair","http://maps.google.com/maps?f=d&source=s_d&saddr=43.04869,-76.152224&daddr=43.047035,-76.238798"
"Route 330 Inbound Saturday S 1537338309-21 06:52","7","Fairmont Fair","Camilius Commons","http://maps.google.com/maps?f=d&source=s_d&saddr=43.047035,-76.238798&daddr=43.038943,-76.309099"
"Route 230 Inbound Saturday S 1488757292-22 07:58","0","Menorah Park","Genesee St. & Wescott St.","http://maps.google.com/maps?f=d&source=s_d&saddr=43.038365,-76.078724&daddr=43.045537,-76.119676"
"Route 230 Inbound Saturday S 1488757292-22 07:58","1","Genesee St. & Wescott St.","Westcott St. & Euclid Ave.","http://maps.google.com/maps?f=d&source=s_d&saddr=43.045537,-76.119676&daddr=43.036818,-76.118941"
"Route 230 Inbound Saturday S 1488757292-22 07:58","2","Westcott St. & Euclid Ave.","Bird Library University Place","http://maps.google.com/maps?f=d&source=s_d&saddr=43.036818,-76.118941&daddr=43.039392,-76.133207"
"Route 230 Inbound Saturday S 1488757292-22 07:58","3","Bird Library University Place","Archibold Theater Irving Ave.","http://maps.google.com/maps?f=d&source=s_d&saddr=43.039392,-76.133207&daddr=43.046492,-76.137756"
"Route 230 Inbound Saturday S 1488757292-22 07:58","4","Archibold Theater Irving Ave.","Downtown Fayette & Salina Sts.","http://maps.google.com/maps?f=d&source=s_d&saddr=43.046492,-76.137756&daddr=43.04869,-76.152224"
"Route 230 Inbound Saturday S 1488757292-22 07:58","5","Downtown Fayette & Salina Sts.","Fairmont Fair","http://maps.google.com/maps?f=d&source=s_d&saddr=43.04869,-76.152224&daddr=43.047035,-76.238798"
"Route 230 Inbound Saturday S 1488757292-22 07:58","6","Fairmont Fair","Camilius Commons","http://maps.google.com/maps?f=d&source=s_d&saddr=43.047035,-76.238798&daddr=43.038943,-76.309099"
"Route 330 Inbound Saturday S 1537338309-23 08:52","0","Wegmans Plaza Park-n-Ride","East Genesee St. & Jamesville Rd.","http://maps.google.com/maps?f=d&source=s_d&saddr=43.030619,-76.051038&daddr=43.035234,-76.067665"
"Route 330 Inbound Saturday S 1537338309-23 08:52","1","East Genesee St. & Jamesville Rd.","Genesee St. & Wescott St.","http://maps.google.com/maps?f=d&source=s_d&saddr=43.035234,-76.067665&daddr=43.045537,-76.119676"
"Route 330 Inbound Saturday S 1537338309-23 08:52","2","Genesee St. & Wescott St.","Westcott St. & Euclid Ave.","http://maps.google.com/maps?f=d&source=s_d&saddr=43.045537,-76.119676&daddr=43.036818,-76.118941"
"Route 330 Inbound Saturday S 1537338309-23 08:52","3","Westcott St. & Euclid Ave.","Bird Library University Place","http://maps.google.com/maps?f=d&source=s_d&saddr=43.036818,-76.118941&daddr=43.039392,-76.133207"
"Route 330 Inbound Saturday S 1537338309-23 08:52","4","Bird Library University Place","Archibold Theater Irving Ave.","http://maps.google.com/maps?f=d&source=s_d&saddr=43.039392,-76.133207&daddr=43.046492,-76.137756"
"Route 330 Inbound Saturday S 1537338309-23 08:52","5","Archibold Theater Irving Ave.","Downtown Fayette & Salina Sts.","http://maps.google.com/maps?f=d&source=s_d&saddr=43.046492,-76.137756&daddr=43.04869,-76.152224"
"Route 530 Inbound Saturday S 1634500343-24 10:30","0","Shoppingtown Mall","East Genesee St. & Jamesville Rd.","http://maps.google.com/maps?f=d&source=s_d&saddr=43.042905,-76.064111&daddr=43.035234,-76.067665"
"Route 530 Inbound Saturday S 1634500343-24 10:30","1","East Genesee St. & Jamesville Rd.","Genesee St. & Wescott St.","http://maps.google.com/maps?f=d&source=s_d&saddr=43.035234,-76.067665&daddr=43.045537,-76.119676"
"Route 530 Inbound Saturday S 1634500343-24 10:30","2","Genesee St. & Wescott St.","Westcott St. & Euclid Ave.","http://maps.google.com/maps?f=d&source=s_d&saddr=43.045537,-76.119676&daddr=43.036818,-76.118941"
"Route 530 Inbound Saturday S 1634500343-24 10:30","3","Westcott St. & Euclid Ave.","Bird Library University Place","http://maps.google.com/maps?f=d&source=s_d&saddr=43.036818,-76.118941&daddr=43.039392,-76.133207"
"Route 530 Inbound Saturday S 1634500343-24 10:30","4","Bird Library University Place","Archibold Theater Irving Ave.","http://maps.google.com/maps?f=d&source=s_d&saddr=43.039392,-76.133207&daddr=43.046492,-76.137756"
"Route 530 Inbound Saturday S 1634500343-24 10:30","5","Archibold Theater Irving Ave.","Downtown Fayette & Salina Sts.","http://maps.google.com/maps?f=d&source=s_d&saddr=43.046492,-76.137756&daddr=43.04869,-76.152224"
"Route 530 Inbound Saturday S 1634500343-25 11:40","0","Shoppingtown Mall","East Genesee St. & Jamesville Rd.","http://maps.google.com/maps?f=d&source=s_d&saddr=43.042905,-76.064111&daddr=43.035234,-76.067665"
"Route 530 Inbound Saturday S 1634500343-25 11:40","1","East Genesee St. & Jamesville Rd.","Genesee St. & Wescott St.","http://maps.google.com/maps?f=d&source=s_d&saddr=43.035234,-76.067665&daddr=43.045537,-76.119676"
"Route 530 Inbound Saturday S 1634500343-25 11:40","2","Genesee St. & Wescott St.","Westcott St. & Euclid Ave.","http://maps.google.com/maps?f=d&source=s_d&saddr=43.045537,-76.119676&daddr=43.036818,-76.118941"
"Route 530 Inbound Saturday S 1634500343-25 11:40","3","Westcott St. & Euclid Ave.","Bird Library University Place","http://maps.google.com/maps?f=d&source=s_d&saddr=43.036818,-76.118941&daddr=43.039392,-76.133207"
"Route 530 Inbound Saturday S 1634500343-25 11:40","4","Bird Library University Place","Archibold Theater Irving Ave.","http://maps.google.com/maps?f=d&source=s_d&saddr=43.039392,-76.133207&daddr=43.046492,-76.137756"
"Route 530 Inbound Saturday S 1634500343-25 11:40","5","Archibold Theater Irving Ave.","Downtown Fayette & Salina Sts.","http://maps.google.com/maps?f=d&source=s_d&saddr=43.046492,-76.137756&daddr=43.04869,-76.152224"
"Route 530 Inbound Saturday S 1634500343-26 12:50","0","Shoppingtown Mall","East Genesee St. & Jamesville Rd.","http://maps.google.com/maps?f=d&source=s_d&saddr=43.042905,-76.064111&daddr=43.035234,-76.067665"
"Route 530 Inbound Saturday S 1634500343-26 12:50","1","East Genesee St. & Jamesville Rd.","Genesee St. & Wescott St.","http://maps.google.com/maps?f=d&source=s_d&saddr=43.035234,-76.067665&daddr=43.045537,-76.119676"
"Route 530 Inbound Saturday S 1634500343-26 12:50","2","Genesee St. & Wescott St.","Westcott St. & Euclid Ave.","http://maps.google.com/maps?f=d&source=s_d&saddr=43.045537,-76.119676&daddr=43.036818,-76.118941"
"Route 530 Inbound Saturday S 1634500343-26 12:50","3","Westcott St. & Euclid Ave.","Bird Library University Place","http://maps.google.com/maps?f=d&source=s_d&saddr=43.036818,-76.118941&daddr=43.039392,-76.133207"
"Route 530 Inbound Saturday S 1634500343-26 12:50","4","Bird Library University Place","Archibold Theater Irving Ave.","http://maps.google.com/maps?f=d&source=s_d&saddr=43.039392,-76.133207&daddr=43.046492,-76.137756"
"Route 530 Inbound Saturday S 1634500343-26 12:50","5","Archibold Theater Irving Ave.","Downtown Fayette & Salina Sts.","http://maps.google.com/maps?f=d&source=s_d&saddr=43.046492,-76.137756&daddr=43.04869,-76.152224"
"Route 530 Inbound Saturday S 1634500343-27 14:00","0","Shoppingtown Mall","East Genesee St. & Jamesville Rd.","http://maps.google.com/maps?f=d&source=s_d&saddr=43.042905,-76.064111&daddr=43.035234,-76.067665"
"Route 530 Inbound Saturday S 1634500343-27 14:00","1","East Genesee St. & Jamesville Rd.","Genesee St. & Wescott St.","http://maps.google.com/maps?f=d&source=s_d&saddr=43.035234,-76.067665&daddr=43.045537,-76.119676"
"Route 530 Inbound Saturday S 1634500343-27 14:00","2","Genesee St. & Wescott St.","Westcott St. & Euclid Ave.","http://maps.google.com/maps?f=d&source=s_d&saddr=43.045537,-76.119676&daddr=43.036818,-76.118941"
"Route 530 Inbound Saturday S 1634500343-27 14:00","3","Westcott St. & Euclid Ave.","Bird Library University Place","http://maps.google.com/maps?f=d&source=s_d&saddr=43.036818,-76.118941&daddr=43.039392,-76.133207"
"Route 530 Inbound Saturday S 1634500343-27 14:00","4","Bird Library University Place","Archibold Theater Irving Ave.","http://maps.google.com/maps?f=d&source=s_d&saddr=43.039392,-76.133207&daddr=43.046492,-76.137756"
"Route 530 Inbound Saturday S 1634500343-27 14:00","5","Archibold Theater Irving Ave.","Downtown Fayette & Salina Sts.","http://maps.google.com/maps?f=d&source=s_d&saddr=43.046492,-76.137756&daddr=43.04869,-76.152224"
"Route 530 Inbound Saturday S 1634500343-28 15:10","0","Shoppingtown Mall","East Genesee St. & Jamesville Rd.","http://maps.google.com/maps?f=d&source=s_d&saddr=43.042905,-76.064111&daddr=43.035234,-76.067665"
"Route 530 Inbound Saturday S 1634500343-28 15:10","1","East Genesee St. & Jamesville Rd.","Genesee St. & Wescott St.","http://maps.google.com/maps?f=d&source=s_d&saddr=43.035234,-76.067665&daddr=43.045537,-76.119676"
"Route 530 Inbound Saturday S 1634500343-28 15:10","2","Genesee St. & Wescott St.","Westcott St. & Euclid Ave.","http://maps.google.com/maps?f=d&source=s_d&saddr=43.045537,-76.119676&daddr=43.036818,-76.118941"
"Route 530 Inbound Saturday S 1634500343-28 15:10","3","Westcott St. & Euclid Ave.","Bird Library University Place","http://maps.google.com/maps?f=d&source=s_d&saddr=43.036818,-76.118941&daddr=43.039392,-76.133207"
"Route 530 Inbound Saturday S 1634500343-28 15:10","4","Bird Library University Place","Archibold Theater Irving Ave.","http://maps.google.com/maps?f=d&source=s_d&saddr=43.039392,-76.133207&daddr=43.046492,-76.137756"
"Route 530 Inbound Saturday S 1634500343-28 15:10","5","Archibold Theater Irving Ave.","Downtown Fayette & Salina Sts.","http://maps.google.com/maps?f=d&source=s_d&saddr=43.046492,-76.137756&daddr=43.04869,-76.152224"
"Route 530 Inbound Saturday S 1634500343-29 16:20","0","Shoppingtown Mall","East Genesee St. & Jamesville Rd.","http://maps.google.com/maps?f=d&source=s_d&saddr=43.042905,-76.064111&daddr=43.035234,-76.067665"
"Route 530 Inbound Saturday S 1634500343-29 16:20","1","East Genesee St. & Jamesville Rd.","Genesee St. & Wescott St.","http://maps.google.com/maps?f=d&source=s_d&saddr=43.035234,-76.067665&daddr=43.045537,-76.119676"
"Route 530 Inbound Saturday S 1634500343-29 16:20","2","Genesee St. & Wescott St.","Westcott St. & Euclid Ave.","http://maps.google.com/maps?f=d&source=s_d&saddr=43.045537,-76.119676&daddr=43.036818,-76.118941"
"Route 530 Inbound Saturday S 1634500343-29 16:20","3","Westcott St. & Euclid Ave.","Bird Library University Place","http://maps.google.com/maps?f=d&source=s_d&saddr=43.036818,-76.118941&daddr=43.039392,-76.133207"
"Route 530 Inbound Saturday S 1634500343-29 16:20","4","Bird Library University Place","Archibold Theater Irving Ave.","http://maps.google.com/maps?f=d&source=s_d&saddr=43.039392,-76.133207&daddr=43.046492,-76.137756"
"Route 530 Inbound Saturday S 1634500343-29 16:20","5","Archibold Theater Irving Ave.","Downtown Fayette & Salina Sts.","http://maps.google.com/maps?f=d&source=s_d&saddr=43.046492,-76.137756&daddr=43.04869,-76.152224"
"Route 530 Inbound Saturday S 1634500343-30 17:25","0","Shoppingtown Mall","East Genesee St. & Jamesville Rd.","http://maps.google.com/maps?f=d&source=s_d&saddr=43.042905,-76.064111&daddr=43.035234,-76.067665"
"Route 530 Inbound Saturday S 1634500343-30 17:25","1","East Genesee St. & Jamesville Rd.","Genesee St. & Wescott St.","http://maps.google.com/maps?f=d&source=s_d&saddr=43.035234,-76.067665&daddr=43.045537,-76.119676"
"Route 530 Inbound Saturday S 1634500343-30 17:25","2","Genesee St. & Wescott St.","Westcott St. & Euclid Ave.","http://maps.google.com/maps?f=d&source=s_d&saddr=43.045537,-76.119676&daddr=43.036818,-76.118941"
"Route 530 Inbound Saturday S 1634500343-30 17:25","3","Westcott St. & Euclid Ave.","Bird Library University Place","http://maps.google.com/maps?f=d&source=s_d&saddr=43.036818,-76.118941&daddr=43.039392,-76.133207"
"Route 530 Inbound Saturday S 1634500343-30 17:25","4","Bird Library University Place","Archibold Theater Irving Ave.","http://maps.google.com/maps?f=d&source=s_d&saddr=43.039392,-76.133207&daddr=43.046492,-76.137756"
"Route 530 Inbound Saturday S 1634500343-30 17:25","5","Archibold Theater Irving Ave.","Downtown Fayette & Salina Sts.","http://maps.google.com/maps?f=d&source=s_d&saddr=43.046492,-76.137756&daddr=43.04869,-76.152224"
"Route 530 Inbound Saturday S 1634500343-31 18:30","0","Shoppingtown Mall","East Genesee St. & Jamesville Rd.","http://maps.google.com/maps?f=d&source=s_d&saddr=43.042905,-76.064111&daddr=43.035234,-76.067665"
"Route 530 Inbound Saturday S 1634500343-31 18:30","1","East Genesee St. & Jamesville Rd.","Genesee St. & Wescott St.","http://maps.google.com/maps?f=d&source=s_d&saddr=43.035234,-76.067665&daddr=43.045537,-76.119676"
"Route 530 Inbound Saturday S 1634500343-31 18:30","2","Genesee St. & Wescott St.","Westcott St. & Euclid Ave.","http://maps.google.com/maps?f=d&source=s_d&saddr=43.045537,-76.119676&daddr=43.036818,-76.118941"
"Route 530 Inbound Saturday S 1634500343-31 18:30","3","Westcott St. & Euclid Ave.","Bird Library University Place","http://maps.google.com/maps?f=d&source=s_d&saddr=43.036818,-76.118941&daddr=43.039392,-76.133207"
"Route 530 Inbound Saturday S 1634500343-31 18:30","4","Bird Library University Place","Archibold Theater Irving Ave.","http://maps.google.com/maps?f=d&source=s_d&saddr=43.039392,-76.133207&daddr=43.046492,-76.137756"
"Route 530 Inbound Saturday S 1634500343-31 18:30","5","Archibold Theater Irving Ave.","Downtown Fayette & Salina Sts.","http://maps.google.com/maps?f=d&source=s_d&saddr=43.046492,-76.137756&daddr=43.04869,-76.152224"
"Route 530 Inbound Saturday S 1634500343-31 18:30","6","Downtown Fayette & Salina Sts.","Fairmont Fair","http://maps.google.com/maps?f=d&source=s_d&saddr=43.04869,-76.152224&daddr=43.047035,-76.238798"
"Route 530 Inbound Saturday S 1634500343-31 18:30","7","Fairmont Fair","Camilius Commons","http://maps.google.com/maps?f=d&source=s_d&saddr=43.047035,-76.238798&daddr=43.038943,-76.309099"
"Route 230 Inbound Saturday S 1488757292-32 23:05","0","Menorah Park","Genesee St. & Wescott St.","http://maps.google.com/maps?f=d&source=s_d&saddr=43.038365,-76.078724&daddr=43.045537,-76.119676"
"Route 230 Inbound Saturday S 1488757292-32 23:05","1","Genesee St. & Wescott St.","Westcott St. & Euclid Ave.","http://maps.google.com/maps?f=d&source=s_d&saddr=43.045537,-76.119676&daddr=43.036818,-76.118941"
"Route 230 Inbound Saturday S 1488757292-32 23:05","2","Westcott St. & Euclid Ave.","Bird Library University Place","http://maps.google.com/maps?f=d&source=s_d&saddr=43.036818,-76.118941&daddr=43.039392,-76.133207"
"Route 230 Inbound Saturday S 1488757292-32 23:05","3","Bird Library University Place","Archibold Theater Irving Ave.","http://maps.google.com/maps?f=d&source=s_d&saddr=43.039392,-76.133207&daddr=43.046492,-76.137756"
"Route 230 Inbound Saturday S 1488757292-32 23:05","4","Archibold Theater Irving Ave.","Downtown Fayette & Salina Sts.","http://maps.google.com/maps?f=d&source=s_d&saddr=43.046492,-76.137756&daddr=43.04869,-76.152224"
